time,id,room,mac_addr,status,power[W],ble_rssi,node_rssi
2026-08-20 00:39:00,HOSP-0001,Room_301_Bed_A,f0:9e:9e:9e:29:16,UNKNOWN,0.0,-100,-100
2026-08-20 00:39:00,HOSP-0001,Room_301_Bed_B,f0:9e:9e:9c:e0:3a,UNKNOWN,0.0,-100,-100
2026-08-20 00:39:00,HOSP-0001,Room_302_Bed_A,f0:9e:9e:9e:07:7e,UNKNOWN,0.0,-100,-100
2026-08-20 00:42:00,HOSP-0001,Room_301_Bed_A,f0:9e:9e:9e:29:16,UNKNOWN,0.0,-100,-100
2026-08-20 00:42:00,HOSP-0001,Room_301_Bed_B,f0:9e:9e:9c:e0:3a,UNKNOWN,0.0,-100,-100
2026-08-20 00:42:00,HOSP-0001,Room_302_Bed_A,f0:9e:9e:9e:07:7e,UNKNOWN,0.0,-100,-100
2026-08-20 00:45:00,HOSP-0001,Room_301_Bed_A,f0:9e:9e:9e:29:16,UNKNOWN,0.0,-100,-100
2026-08-20 00:45:00,HOSP-0001,Room_301_Bed_B,f0:9e:9e:9c:e0:3a,UNKNOWN,0.0,-100,-100
2026-08-20 00:45:00,HOSP-0001,Room_302_Bed_A,f0:9e:9e:9e:07:7e,UNKNOWN,0.0,-100,-100
2026-08-20 00:48:00,HOSP-0001,Room_301_Bed_A,f0:9e:9e:9e:29:16,UNKNOWN,0.0,-100,-100
2026-08-20 00:48:00,HOSP-0001,Room_301_Bed_B,f0:9e:9e:9c:e0:3a,UNKNOWN,0.0,-100,-100
2026-08-20 00:48:00,HOSP-0001,Room_302_Bed_A,f0:9e:9e:9e:07:7e,UNKNOWN,0.0,-100,-100
2026-08-20 00:51:00,HOSP-0001,Room_301_Bed_A,f0:9e:9e:9e:29:16,UNKNOWN,0.0,-100,-100
2026-08-20 00:51:00,HOSP-0001,Room_301_Bed_B,f0:9e:9e:9c:e0:3a,UNKNOWN,0.0,-100,-100
2026-08-20 00:51:00,HOSP-0001,Room_302_Bed_A,f0:9e:9e:9e:07:7e,UNKNOWN,0.0,-100,-100
2026-08-20 00:54:00,HOSP-0001,Room_301_Bed_A,f0:9e:9e:9e:29:16,UNKNOWN,0.0,-100,-100
2026-08-20 00:54:00,HOSP-0001,Room_301_Bed_B,f0:9e:9e:9c:e0:3a,UNKNOWN,0.0,-100,-100
2026-08-20 00:54:00,HOSP-0001,Room_302_Bed_A,f0:9e:9e:9e:07:7e,UNKNOWN,0.0,-100,-100
2026-08-20 00:57:00,HOSP-0001,Room_301_Bed_A,f0:9e:9e:9e:29:16,UNKNOWN,0.0,-100,-100
2026-08-20 00:57:00,HOSP-0001,Room_301_Bed_B,f0:9e:9e:9c:e0:3a,UNKNOWN,0.0,-100,-100
2026-08-20 00:57:00,HOSP-0001,Room_302_Bed_A,f0:9e:9e:9e:07:7e,UNKNOWN,0.0,-100,-100
2026-08-20 01:00:00,HOSP-0001,Room_301_Bed_A,f0:9e:9e:9e:29:16,UNKNOWN,0.0,-100,-100
2026-08-20 01:00:00,HOSP-0001,Room_301_Bed_B,f0:9e:9e:9c:e0:3a,UNKNOWN,0.0,-100,-100
2026-08-20 01:00:00,HOSP-0001,Room_302_Bed_A,f0:9e:9e:9e:07:7e,UNKNOWN,0.0,-100,-100
2026-08-20 01:03:00,HOSP-0001,Room_301_Bed_A,f0:9e:9e:9e:29:16,UNKNOWN,0.0,-100,-100
2026-08-20 01:03:00,HOSP-0001,Room_301_Bed_B,f0:9e:9e:9c:e0:3a,UNKNOWN,0.0,-100,-100
2026-08-20 01:03:00,HOSP-0001,Room_302_Bed_A,f0:9e:9e:9e:07:7e,UNKNOWN,0.0,-100,-100
2026-08-20 01:06:00,HOSP-0001,Room_301_Bed_A,f0:9e:9e:9e:29:16,UNKNOWN,0.0,-100,-100
2026-08-20 01:06:00,HOSP-0001,Room_301_Bed_B,f0:9e:9e:9c:e0:3a,UNKNOWN,0.0,-100,-100
2026-08-20 01:06:00,HOSP-0001,Room_302_Bed_A,f0:9e:9e:9e:07:7e,UNKNOWN,0.0,-100,-100
2026-08-20 01:09:00,HOSP-0001,Room_301_Bed_A,f0:9e:9e:9e:29:16,UNKNOWN,0.0,-100,-100
2026-08-20 01:09:00,HOSP-0001,Room_301_Bed_B,f0:9e:9e:9c:e0:3a,UNKNOWN,0.0,-100,-100
2026-08-20 01:09:00,HOSP-0001,Room_302_Bed_A,f0:9e:9e:9e:07:7e,UNKNOWN,0.0,-100,-100
2026-08-20 01:12:00,HOSP-0001,Room_301_Bed_A,f0:9e:9e:9e:29:16,UNKNOWN,0.0,-100,-100
2026-08-20 01:12:00,HOSP-0001,Room_301_Bed_B,f0:9e:9e:9c:e0:3a,UNKNOWN,0.0,-100,-100
2026-08-20 01:12:00,HOSP-0001,Room_302_Bed_A,f0:9e:9e:9e:07:7e,UNKNOWN,0.0,-100,-100
2026-08-20 01:15:00,HOSP-0001,Room_301_Bed_A,f0:9e:9e:9e:29:16,UNKNOWN,0.0,-100,-100
2026-08-20 01:15:00,HOSP-0001,Room_301_Bed_B,f0:9e:9e:9c:e0:3a,UNKNOWN,0.0,-100,-100
2026-08-20 01:15:00,HOSP-0001,Room_302_Bed_A,f0:9e:9e:9e:07:7e,UNKNOWN,0.0,-100,-100
2026-08-20 01:18:00,HOSP-0001,Room_301_Bed_A,f0:9e:9e:9e:29:16,UNKNOWN,0.0,-100,-100
2026-08-20 01:18:00,HOSP-0001,Room_301_Bed_B,f0:9e:9e:9c:e0:3a,UNKNOWN,0.0,-100,-100
2026-08-20 01:18:00,HOSP-0001,Room_302_Bed_A,f0:9e:9e:9e:07:7e,UNKNOWN,0.0,-100,-100
2026-08-20 01:21:00,HOSP-0001,Room_301_Bed_A,f0:9e:9e:9e:29:16,UNKNOWN,0.0,-100,-100
2026-08-20 01:21:00,HOSP-0001,Room_301_Bed_B,f0:9e:9e:9c:e0:3a,UNKNOWN,0.0,-100,-100
2026-08-20 01:21:00,HOSP-0001,Room_302_Bed_A,f0:9e:9e:9e:07:7e,UNKNOWN,0.0,-100,-100
2026-08-20 01:24:00,HOSP-0001,Room_301_Bed_A,f0:9e:9e:9e:29:16,UNKNOWN,0.0,-100,-100
2026-08-20 01:24:00,HOSP-0001,Room_301_Bed_B,f0:9e:9e:9c:e0:3a,UNKNOWN,0.0,-100,-100
2026-08-20 01:24:00,HOSP-0001,Room_302_Bed_A,f0:9e:9e:9e:07:7e,UNKNOWN,0.0,-100,-100
2026-08-20 01:27:00,HOSP-0001,Room_301_Bed_A,f0:9e:9e:9e:29:16,UNKNOWN,0.0,-100,-100
2026-08-20 01:27:00,HOSP-0001,Room_301_Bed_B,f0:9e:9e:9c:e0:3a,UNKNOWN,0.0,-100,-100
2026-08-20 01:27:00,HOSP-0001,Room_302_Bed_A,f0:9e:9e:9e:07:7e,UNKNOWN,0.0,-100,-100
2026-08-20 01:30:00,HOSP-0001,Room_301_Bed_A,f0:9e:9e:9e:29:16,UNKNOWN,0.0,-100,-100
2026-08-20 01:30:00,HOSP-0001,Room_301_Bed_B,f0:9e:9e:9c:e0:3a,UNKNOWN,0.0,-100,-100
2026-08-20 01:30:00,HOSP-0001,Room_302_Bed_A,f0:9e:9e:9e:07:7e,UNKNOWN,0.0,-100,-100
2026-08-20 01:33:00,HOSP-0001,Room_301_Bed_A,f0:9e:9e:9e:29:16,UNKNOWN,0.0,-100,-100
2026-08-20 01:33:00,HOSP-0001,Room_301_Bed_B,f0:9e:9e:9c:e0:3a,UNKNOWN,0.0,-100,-100
2026-08-20 01:33:00,HOSP-0001,Room_302_Bed_A,f0:9e:9e:9e:07:7e,UNKNOWN,0.0,-100,-100
2026-08-20 01:36:00,HOSP-0001,Room_301_Bed_A,f0:9e:9e:9e:29:16,UNKNOWN,0.0,-100,-100
2026-08-20 01:36:00,HOSP-0001,Room_301_Bed_B,f0:9e:9e:9c:e0:3a,UNKNOWN,0.0,-100,-100
2026-08-20 01:36:00,HOSP-0001,Room_302_Bed_A,f0:9e:9e:9e:07:7e,UNKNOWN,0.0,-100,-100
2026-08-20 01:39:00,HOSP-0001,Room_301_Bed_A,f0:9e:9e:9e:29:16,UNKNOWN,0.0,-100,-100
2026-08-20 01:39:00,HOSP-0001,Room_301_Bed_B,f0:9e:9e:9c:e0:3a,UNKNOWN,0.0,-100,-100
2026-08-20 01:39:00,HOSP-0001,Room_302_Bed_A,f0:9e:9e:9e:07:7e,UNKNOWN,0.0,-100,-100
2026-08-20 01:42:00,HOSP-0001,Room_301_Bed_A,f0:9e:9e:9e:29:16,UNKNOWN,0.0,-100,-100
2026-08-20 01:42:00,HOSP-0001,Room_301_Bed_B,f0:9e:9e:9c:e0:3a,UNKNOWN,0.0,-100,-100
2026-08-20 01:42:00,HOSP-0001,Room_302_Bed_A,f0:9e:9e:9e:07:7e,UNKNOWN,0.0,-100,-100
2026-08-20 01:45:00,HOSP-0001,Room_301_Bed_A,f0:9e:9e:9e:29:16,UNKNOWN,0.0,-100,-100
2026-08-20 01:45:00,HOSP-0001,Room_301_Bed_B,f0:9e:9e:9c:e0:3a,UNKNOWN,0.0,-100,-100
2026-08-20 01:45:00,HOSP-0001,Room_302_Bed_A,f0:9e:9e:9e:07:7e,UNKNOWN,0.0,-100,-100
2026-08-20 01:48:00,HOSP-0001,Room_301_Bed_A,f0:9e:9e:9e:29:16,UNKNOWN,0.0,-100,-100
2026-08-20 01:48:00,HOSP-0001,Room_301_Bed_B,f0:9e:9e:9c:e0:3a,UNKNOWN,0.0,-100,-100
2026-08-20 01:48:00,HOSP-0001,Room_302_Bed_A,f0:9e:9e:9e:07:7e,UNKNOWN,0.0,-100,-100
2026-08-20 01:51:00,HOSP-0001,Room_301_Bed_A,f0:9e:9e:9e:29:16,UNKNOWN,0.0,-100,-100
2026-08-20 01:51:00,HOSP-0001,Room_301_Bed_B,f0:9e:9e:9c:e0:3a,UNKNOWN,0.0,-100,-100
2026-08-20 01:51:00,HOSP-0001,Room_302_Bed_A,f0:9e:9e:9e:07:7e,UNKNOWN,0.0,-100,-100
2026-08-20 01:54:00,HOSP-0001,Room_301_Bed_A,f0:9e:9e:9e:29:16,UNKNOWN,0.0,-100,-100
2026-08-20 01:54:00,HOSP-0001,Room_301_Bed_B,f0:9e:9e:9c:e0:3a,UNKNOWN,0.0,-100,-100
2026-08-20 01:54:00,HOSP-0001,Room_302_Bed_A,f0:9e:9e:9e:07:7e,UNKNOWN,0.0,-100,-100
2026-08-20 01:57:00,HOSP-0001,Room_301_Bed_A,f0:9e:9e:9e:29:16,UNKNOWN,0.0,-100,-100
2026-08-20 01:57:00,HOSP-0001,Room_301_Bed_B,f0:9e:9e:9c:e0:3a,UNKNOWN,0.0,-100,-100
2026-08-20 01:57:00,HOSP-0001,Room_302_Bed_A,f0:9e:9e:9e:07:7e,UNKNOWN,0.0,-100,-100
2026-08-20 02:00:00,HOSP-0001,Room_301_Bed_A,f0:9e:9e:9e:29:16,UNKNOWN,0.0,-100,-100
2026-08-20 02:00:00,HOSP-0001,Room_301_Bed_B,f0:9e:9e:9c:e0:3a,UNKNOWN,0.0,-100,-100
2026-08-20 02:00:00,HOSP-0001,Room_302_Bed_A,f0:9e:9e:9e:07:7e,UNKNOWN,0.0,-100,-100
2026-08-20 02:03:00,HOSP-0001,Room_301_Bed_A,f0:9e:9e:9e:29:16,UNKNOWN,0.0,-100,-100
2026-08-20 02:03:00,HOSP-0001,Room_301_Bed_B,f0:9e:9e:9c:e0:3a,UNKNOWN,0.0,-100,-100
2026-08-20 02:03:00,HOSP-0001,Room_302_Bed_A,f0:9e:9e:9e:07:7e,UNKNOWN,0.0,-100,-100
2026-08-20 02:06:00,HOSP-0001,Room_301_Bed_A,f0:9e:9e:9e:29:16,UNKNOWN,0.0,-100,-100
2026-08-20 02:06:00,HOSP-0001,Room_301_Bed_B,f0:9e:9e:9c:e0:3a,UNKNOWN,0.0,-100,-100
2026-08-20 02:06:00,HOSP-0001,Room_302_Bed_A,f0:9e:9e:9e:07:7e,UNKNOWN,0.0,-100,-100
2026-08-20 02:09:00,HOSP-0001,Room_301_Bed_A,f0:9e:9e:9e:29:16,UNKNOWN,0.0,-100,-100
2026-08-20 02:09:00,HOSP-0001,Room_301_Bed_B,f0:9e:9e:9c:e0:3a,UNKNOWN,0.0,-100,-100
2026-08-20 02:09:00,HOSP-0001,Room_302_Bed_A,f0:9e:9e:9e:07:7e,UNKNOWN,0.0,-100,-100
2026-08-20 02:12:00,HOSP-0001,Room_301_Bed_A,f0:9e:9e:9e:29:16,UNKNOWN,0.0,-100,-100
2026-08-20 02:12:00,HOSP-0001,Room_301_Bed_B,f0:9e:9e:9c:e0:3a,UNKNOWN,0.0,-100,-100
2026-08-20 02:12:00,HOSP-0001,Room_302_Bed_A,f0:9e:9e:9e:07:7e,UNKNOWN,0.0,-100,-100
2026-08-20 02:15:00,HOSP-0001,Room_301_Bed_A,f0:9e:9e:9e:29:16,UNKNOWN,0.0,-100,-100
2026-08-20 02:15:00,HOSP-0001,Room_301_Bed_B,f0:9e:9e:9c:e0:3a,UNKNOWN,0.0,-100,-100
2026-08-20 02:15:00,HOSP-0001,Room_302_Bed_A,f0:9e:9e:9e:07:7e,UNKNOWN,0.0,-100,-100
2026-08-20 02:18:00,HOSP-0001,Room_301_Bed_A,f0:9e:9e:9e:29:16,UNKNOWN,0.0,-100,-100
2026-08-20 02:18:00,HOSP-0001,Room_301_Bed_B,f0:9e:9e:9c:e0:3a,UNKNOWN,0.0,-100,-100
2026-08-20 02:18:00,HOSP-0001,Room_302_Bed_A,f0:9e:9e:9e:07:7e,UNKNOWN,0.0,-100,-100
2026-08-20 02:21:00,HOSP-0001,Room_301_Bed_A,f0:9e:9e:9e:29:16,UNKNOWN,0.0,-100,-100
2026-08-20 02:21:00,HOSP-0001,Room_301_Bed_B,f0:9e:9e:9c:e0:3a,UNKNOWN,0.0,-100,-100
2026-08-20 02:21:00,HOSP-0001,Room_302_Bed_A,f0:9e:9e:9e:07:7e,UNKNOWN,0.0,-100,-100
2026-08-20 02:24:00,HOSP-0001,Room_301_Bed_A,f0:9e:9e:9e:29:16,UNKNOWN,0.0,-100,-100
2026-08-20 02:24:00,HOSP-0001,Room_301_Bed_B,f0:9e:9e:9c:e0:3a,UNKNOWN,0.0,-100,-100
2026-08-20 02:24:00,HOSP-0001,Room_302_Bed_A,f0:9e:9e:9e:07:7e,UNKNOWN,0.0,-100,-100
2026-08-20 02:27:00,HOSP-0001,Room_301_Bed_A,f0:9e:9e:9e:29:16,UNKNOWN,0.0,-100,-100
2026-08-20 02:27:00,HOSP-0001,Room_301_Bed_B,f0:9e:9e:9c:e0:3a,UNKNOWN,0.0,-100,-100
2026-08-20 02:27:00,HOSP-0001,Room_302_Bed_A,f0:9e:9e:9e:07:7e,UNKNOWN,0.0,-100,-100
2026-08-20 02:30:00,HOSP-0001,Room_301_Bed_A,f0:9e:9e:9e:29:16,UNKNOWN,0.0,-100,-100
2026-08-20 02:30:00,HOSP-0001,Room_301_Bed_B,f0:9e:9e:9c:e0:3a,UNKNOWN,0.0,-100,-100
2026-08-20 02:30:00,HOSP-0001,Room_302_Bed_A,f0:9e:9e:9e:07:7e,UNKNOWN,0.0,-100,-100
2026-08-20 02:33:00,HOSP-0001,Room_301_Bed_A,f0:9e:9e:9e:29:16,UNKNOWN,0.0,-100,-100
2026-08-20 02:33:00,HOSP-0001,Room_301_Bed_B,f0:9e:9e:9c:e0:3a,UNKNOWN,0.0,-100,-100
2026-08-20 02:33:00,HOSP-0001,Room_302_Bed_A,f0:9e:9e:9e:07:7e,UNKNOWN,0.0,-100,-100
2026-08-20 02:36:00,HOSP-0001,Room_301_Bed_A,f0:9e:9e:9e:29:16,UNKNOWN,0.0,-100,-100
2026-08-20 02:36:00,HOSP-0001,Room_301_Bed_B,f0:9e:9e:9c:e0:3a,UNKNOWN,0.0,-100,-100
2026-08-20 02:36:00,HOSP-0001,Room_302_Bed_A,f0:9e:9e:9e:07:7e,UNKNOWN,0.0,-100,-100
2026-08-20 02:39:00,HOSP-0001,Room_301_Bed_A,f0:9e:9e:9e:29:16,UNKNOWN,0.0,-100,-100
2026-08-20 02:39:00,HOSP-0001,Room_301_Bed_B,f0:9e:9e:9c:e0:3a,UNKNOWN,0.0,-100,-100
2026-08-20 02:39:00,HOSP-0001,Room_302_Bed_A,f0:9e:9e:9e:07:7e,UNKNOWN,0.0,-100,-100
2026-08-20 02:42:00,HOSP-0001,Room_301_Bed_A,f0:9e:9e:9e:29:16,UNKNOWN,0.0,-100,-100
2026-08-20 02:42:00,HOSP-0001,Room_301_Bed_B,f0:9e:9e:9c:e0:3a,UNKNOWN,0.0,-100,-100
2026-08-20 02:42:00,HOSP-0001,Room_302_Bed_A,f0:9e:9e:9e:07:7e,UNKNOWN,0.0,-100,-100
2026-08-20 02:45:00,HOSP-0001,Room_301_Bed_A,f0:9e:9e:9e:29:16,UNKNOWN,0.0,-100,-100
2026-08-20 02:45:00,HOSP-0001,Room_301_Bed_B,f0:9e:9e:9c:e0:3a,UNKNOWN,0.0,-100,-100
2026-08-20 02:45:00,HOSP-0001,Room_302_Bed_A,f0:9e:9e:9e:07:7e,UNKNOWN,0.0,-100,-100
2026-08-20 02:48:00,HOSP-0001,Room_301_Bed_A,f0:9e:9e:9e:29:16,UNKNOWN,0.0,-100,-100
2026-08-20 02:48:00,HOSP-0001,Room_301_Bed_B,f0:9e:9e:9c:e0:3a,UNKNOWN,0.0,-100,-100
2026-08-20 02:48:00,HOSP-0001,Room_302_Bed_A,f0:9e:9e:9e:07:7e,UNKNOWN,0.0,-100,-100
2026-08-20 02:51:00,HOSP-0001,Room_301_Bed_A,f0:9e:9e:9e:29:16,UNKNOWN,0.0,-100,-100
2026-08-20 02:51:00,HOSP-0001,Room_301_Bed_B,f0:9e:9e:9c:e0:3a,UNKNOWN,0.0,-100,-100
2026-08-20 02:51:00,HOSP-0001,Room_302_Bed_A,f0:9e:9e:9e:07:7e,UNKNOWN,0.0,-100,-100
2026-08-20 02:54:00,HOSP-0001,Room_301_Bed_A,f0:9e:9e:9e:29:16,UNKNOWN,0.0,-100,-100
2026-08-20 02:54:00,HOSP-0001,Room_301_Bed_B,f0:9e:9e:9c:e0:3a,UNKNOWN,0.0,-100,-100
2026-08-20 02:54:00,HOSP-0001,Room_302_Bed_A,f0:9e:9e:9e:07:7e,UNKNOWN,0.0,-100,-100
2026-08-20 02:57:00,HOSP-0001,Room_301_Bed_A,f0:9e:9e:9e:29:16,UNKNOWN,0.0,-100,-100
2026-08-20 02:57:00,HOSP-0001,Room_301_Bed_B,f0:9e:9e:9c:e0:3a,UNKNOWN,0.0,-100,-100
2026-08-20 02:57:00,HOSP-0001,Room_302_Bed_A,f0:9e:9e:9e:07:7e,UNKNOWN,0.0,-100,-100
2026-08-20 03:00:00,HOSP-0001,Room_301_Bed_A,f0:9e:9e:9e:29:16,UNKNOWN,0.0,-100,-100
2026-08-20 03:00:00,HOSP-0001,Room_301_Bed_B,f0:9e:9e:9c:e0:3a,UNKNOWN,0.0,-100,-100
2026-08-20 03:00:00,HOSP-0001,Room_302_Bed_A,f0:9e:9e:9e:07:7e,UNKNOWN,0.0,-100,-100
2026-08-20 03:03:00,HOSP-0001,Room_301_Bed_A,f0:9e:9e:9e:29:16,UNKNOWN,0.0,-100,-100
2026-08-20 03:03:00,HOSP-0001,Room_301_Bed_B,f0:9e:9e:9c:e0:3a,UNKNOWN,0.0,-100,-100
2026-08-20 03:03:00,HOSP-0001,Room_302_Bed_A,f0:9e:9e:9e:07:7e,UNKNOWN,0.0,-100,-100
2026-08-20 03:06:00,HOSP-0001,Room_301_Bed_A,f0:9e:9e:9e:29:16,UNKNOWN,0.0,-100,-100
2026-08-20 03:06:00,HOSP-0001,Room_301_Bed_B,f0:9e:9e:9c:e0:3a,UNKNOWN,0.0,-100,-100
2026-08-20 03:06:00,HOSP-0001,Room_302_Bed_A,f0:9e:9e:9e:07:7e,UNKNOWN,0.0,-100,-100
2026-08-20 03:09:00,HOSP-0001,Room_301_Bed_A,f0:9e:9e:9e:29:16,UNKNOWN,0.0,-100,-100
2026-08-20 03:09:00,HOSP-0001,Room_301_Bed_B,f0:9e:9e:9c:e0:3a,UNKNOWN,0.0,-100,-100
2026-08-20 03:09:00,HOSP-0001,Room_302_Bed_A,f0:9e:9e:9e:07:7e,UNKNOWN,0.0,-100,-100
2026-08-20 03:12:00,HOSP-0001,Room_301_Bed_A,f0:9e:9e:9e:29:16,UNKNOWN,0.0,-100,-100
2026-08-20 03:12:00,HOSP-0001,Room_301_Bed_B,f0:9e:9e:9c:e0:3a,UNKNOWN,0.0,-100,-100
2026-08-20 03:12:00,HOSP-0001,Room_302_Bed_A,f0:9e:9e:9e:07:7e,UNKNOWN,0.0,-100,-100
2026-08-20 03:15:00,HOSP-0001,Room_301_Bed_A,f0:9e:9e:9e:29:16,UNKNOWN,0.0,-100,-100
2026-08-20 03:15:00,HOSP-0001,Room_301_Bed_B,f0:9e:9e:9c:e0:3a,UNKNOWN,0.0,-100,-100
2026-08-20 03:15:00,HOSP-0001,Room_302_Bed_A,f0:9e:9e:9e:07:7e,UNKNOWN,0.0,-100,-100
2026-08-20 03:18:00,HOSP-0001,Room_301_Bed_A,f0:9e:9e:9e:29:16,UNKNOWN,0.0,-100,-100
2026-08-20 03:18:00,HOSP-0001,Room_301_Bed_B,f0:9e:9e:9c:e0:3a,UNKNOWN,0.0,-100,-100
2026-08-20 03:18:00,HOSP-0001,Room_302_Bed_A,f0:9e:9e:9e:07:7e,UNKNOWN,0.0,-100,-100
2026-08-20 03:21:00,HOSP-0001,Room_301_Bed_A,f0:9e:9e:9e:29:16,UNKNOWN,0.0,-100,-100
2026-08-20 03:21:00,HOSP-0001,Room_301_Bed_B,f0:9e:9e:9c:e0:3a,UNKNOWN,0.0,-100,-100
2026-08-20 03:21:00,HOSP-0001,Room_302_Bed_A,f0:9e:9e:9e:07:7e,UNKNOWN,0.0,-100,-100
2026-08-20 03:24:00,HOSP-0001,Room_301_Bed_A,f0:9e:9e:9e:29:16,UNKNOWN,0.0,-100,-100
2026-08-20 03:24:00,HOSP-0001,Room_301_Bed_B,f0:9e:9e:9c:e0:3a,UNKNOWN,0.0,-100,-100
2026-08-20 03:24:00,HOSP-0001,Room_302_Bed_A,f0:9e:9e:9e:07:7e,UNKNOWN,0.0,-100,-100
2026-08-20 03:27:00,HOSP-0001,Room_301_Bed_A,f0:9e:9e:9e:29:16,UNKNOWN,0.0,-100,-100
2026-08-20 03:27:00,HOSP-0001,Room_301_Bed_B,f0:9e:9e:9c:e0:3a,UNKNOWN,0.0,-100,-100
2026-08-20 03:27:00,HOSP-0001,Room_302_Bed_A,f0:9e:9e:9e:07:7e,UNKNOWN,0.0,-100,-100
2026-08-20 03:30:00,HOSP-0001,Room_301_Bed_A,f0:9e:9e:9e:29:16,UNKNOWN,0.0,-100,-100
2026-08-20 03:30:00,HOSP-0001,Room_301_Bed_B,f0:9e:9e:9c:e0:3a,UNKNOWN,0.0,-100,-100
2026-08-20 03:30:00,HOSP-0001,Room_302_Bed_A,f0:9e:9e:9e:07:7e,UNKNOWN,0.0,-100,-100
2026-08-20 03:33:00,HOSP-0001,Room_301_Bed_A,f0:9e:9e:9e:29:16,UNKNOWN,0.0,-100,-100
2026-08-20 03:33:00,HOSP-0001,Room_301_Bed_B,f0:9e:9e:9c:e0:3a,UNKNOWN,0.0,-100,-100
2026-08-20 03:33:00,HOSP-0001,Room_302_Bed_A,f0:9e:9e:9e:07:7e,UNKNOWN,0.0,-100,-100
2026-08-20 03:36:00,HOSP-0001,Room_301_Bed_A,f0:9e:9e:9e:29:16,UNKNOWN,0.0,-100,-100
2026-08-20 03:36:00,HOSP-0001,Room_301_Bed_B,f0:9e:9e:9c:e0:3a,UNKNOWN,0.0,-100,-100
2026-08-20 03:36:00,HOSP-0001,Room_302_Bed_A,f0:9e:9e:9e:07:7e,UNKNOWN,0.0,-100,-100
2026-08-20 03:39:00,HOSP-0001,Room_301_Bed_A,f0:9e:9e:9e:29:16,UNKNOWN,0.0,-100,-100
2026-08-20 03:39:00,HOSP-0001,Room_301_Bed_B,f0:9e:9e:9c:e0:3a,UNKNOWN,0.0,-100,-100
2026-08-20 03:39:00,HOSP-0001,Room_302_Bed_A,f0:9e:9e:9e:07:7e,UNKNOWN,0.0,-100,-100
2026-08-20 03:42:00,HOSP-0001,Room_301_Bed_A,f0:9e:9e:9e:29:16,UNKNOWN,0.0,-100,-100
2026-08-20 03:42:00,HOSP-0001,Room_301_Bed_B,f0:9e:9e:9c:e0:3a,UNKNOWN,0.0,-100,-100
2026-08-20 03:42:00,HOSP-0001,Room_302_Bed_A,f0:9e:9e:9e:07:7e,UNKNOWN,0.0,-100,-100
2026-08-20 03:45:00,HOSP-0001,Room_301_Bed_A,f0:9e:9e:9e:29:16,UNKNOWN,0.0,-100,-100
2026-08-20 03:45:00,HOSP-0001,Room_301_Bed_B,f0:9e:9e:9c:e0:3a,UNKNOWN,0.0,-100,-100
2026-08-20 03:45:00,HOSP-0001,Room_302_Bed_A,f0:9e:9e:9e:07:7e,UNKNOWN,0.0,-100,-100
2026-08-20 03:48:00,HOSP-0001,Room_301_Bed_A,f0:9e:9e:9e:29:16,UNKNOWN,0.0,-100,-100
2026-08-20 03:48:00,HOSP-0001,Room_301_Bed_B,f0:9e:9e:9c:e0:3a,UNKNOWN,0.0,-100,-100
2026-08-20 03:48:00,HOSP-0001,Room_302_Bed_A,f0:9e:9e:9e:07:7e,UNKNOWN,0.0,-100,-100
2026-08-20 03:51:00,HOSP-0001,Room_301_Bed_A,f0:9e:9e:9e:29:16,UNKNOWN,0.0,-100,-100
2026-08-20 03:51:00,HOSP-0001,Room_301_Bed_B,f0:9e:9e:9c:e0:3a,UNKNOWN,0.0,-100,-100
2026-08-20 03:51:00,HOSP-0001,Room_302_Bed_A,f0:9e:9e:9e:07:7e,UNKNOWN,0.0,-100,-100
2026-08-20 03:54:00,HOSP-0001,Room_301_Bed_A,f0:9e:9e:9e:29:16,UNKNOWN,0.0,-100,-100
2026-08-20 03:54:00,HOSP-0001,Room_301_Bed_B,f0:9e:9e:9c:e0:3a,UNKNOWN,0.0,-100,-100
2026-08-20 03:54:00,HOSP-0001,Room_302_Bed_A,f0:9e:9e:9e:07:7e,UNKNOWN,0.0,-100,-100
2026-08-20 03:57:00,HOSP-0001,Room_301_Bed_A,f0:9e:9e:9e:29:16,UNKNOWN,0.0,-100,-100
2026-08-20 03:57:00,HOSP-0001,Room_301_Bed_B,f0:9e:9e:9c:e0:3a,UNKNOWN,0.0,-100,-100
2026-08-20 03:57:00,HOSP-0001,Room_302_Bed_A,f0:9e:9e:9e:07:7e,UNKNOWN,0.0,-100,-100
2026-08-20 04:00:00,HOSP-0001,Room_301_Bed_A,f0:9e:9e:9e:29:16,UNKNOWN,0.0,-100,-100
2026-08-20 04:00:00,HOSP-0001,Room_301_Bed_B,f0:9e:9e:9c:e0:3a,UNKNOWN,0.0,-100,-100
2026-08-20 04:00:00,HOSP-0001,Room_302_Bed_A,f0:9e:9e:9e:07:7e,UNKNOWN,0.0,-100,-100
2026-08-20 04:03:00,HOSP-0001,Room_301_Bed_A,f0:9e:9e:9e:29:16,UNKNOWN,0.0,-100,-100
2026-08-20 04:03:00,HOSP-0001,Room_301_Bed_B,f0:9e:9e:9c:e0:3a,UNKNOWN,0.0,-100,-100
2026-08-20 04:03:00,HOSP-0001,Room_302_Bed_A,f0:9e:9e:9e:07:7e,UNKNOWN,0.0,-100,-100
2026-08-20 04:06:00,HOSP-0001,Room_301_Bed_A,f0:9e:9e:9e:29:16,UNKNOWN,0.0,-100,-100
2026-08-20 04:06:00,HOSP-0001,Room_301_Bed_B,f0:9e:9e:9c:e0:3a,UNKNOWN,0.0,-100,-100
2026-08-20 04:06:00,HOSP-0001,Room_302_Bed_A,f0:9e:9e:9e:07:7e,UNKNOWN,0.0,-100,-100
2026-08-20 04:09:00,HOSP-0001,Room_301_Bed_A,f0:9e:9e:9e:29:16,UNKNOWN,0.0,-100,-100
2026-08-20 04:09:00,HOSP-0001,Room_301_Bed_B,f0:9e:9e:9c:e0:3a,UNKNOWN,0.0,-100,-100
2026-08-20 04:09:00,HOSP-0001,Room_302_Bed_A,f0:9e:9e:9e:07:7e,UNKNOWN,0.0,-100,-100
2026-08-20 04:12:00,HOSP-0001,Room_301_Bed_A,f0:9e:9e:9e:29:16,UNKNOWN,0.0,-100,-100
2026-08-20 04:12:00,HOSP-0001,Room_301_Bed_B,f0:9e:9e:9c:e0:3a,UNKNOWN,0.0,-100,-100
2026-08-20 04:12:00,HOSP-0001,Room_302_Bed_A,f0:9e:9e:9e:07:7e,UNKNOWN,0.0,-100,-100
2026-08-20 04:15:00,HOSP-0001,Room_301_Bed_A,f0:9e:9e:9e:29:16,UNKNOWN,0.0,-100,-100
2026-08-20 04:15:00,HOSP-0001,Room_301_Bed_B,f0:9e:9e:9c:e0:3a,UNKNOWN,0.0,-100,-100
2026-08-20 04:15:00,HOSP-0001,Room_302_Bed_A,f0:9e:9e:9e:07:7e,UNKNOWN,0.0,-100,-100
2026-08-20 04:18:00,HOSP-0001,Room_301_Bed_A,f0:9e:9e:9e:29:16,UNKNOWN,0.0,-100,-100
2026-08-20 04:18:00,HOSP-0001,Room_301_Bed_B,f0:9e:9e:9c:e0:3a,UNKNOWN,0.0,-100,-100
2026-08-20 04:18:00,HOSP-0001,Room_302_Bed_A,f0:9e:9e:9e:07:7e,UNKNOWN,0.0,-100,-100
2026-08-20 04:21:00,HOSP-0001,Room_301_Bed_A,f0:9e:9e:9e:29:16,UNKNOWN,0.0,-100,-100
2026-08-20 04:21:00,HOSP-0001,Room_301_Bed_B,f0:9e:9e:9c:e0:3a,UNKNOWN,0.0,-100,-100
2026-08-20 04:21:00,HOSP-0001,Room_302_Bed_A,f0:9e:9e:9e:07:7e,UNKNOWN,0.0,-100,-100
2026-08-20 04:24:00,HOSP-0001,Room_301_Bed_A,f0:9e:9e:9e:29:16,UNKNOWN,0.0,-100,-100
2026-08-20 04:24:00,HOSP-0001,Room_301_Bed_B,f0:9e:9e:9c:e0:3a,UNKNOWN,0.0,-100,-100
2026-08-20 04:24:00,HOSP-0001,Room_302_Bed_A,f0:9e:9e:9e:07:7e,UNKNOWN,0.0,-100,-100
2026-08-20 04:27:00,HOSP-0001,Room_301_Bed_A,f0:9e:9e:9e:29:16,UNKNOWN,0.0,-100,-100
2026-08-20 04:27:00,HOSP-0001,Room_301_Bed_B,f0:9e:9e:9c:e0:3a,UNKNOWN,0.0,-100,-100
2026-08-20 04:27:00,HOSP-0001,Room_302_Bed_A,f0:9e:9e:9e:07:7e,UNKNOWN,0.0,-100,-100
2026-08-20 04:30:00,HOSP-0001,Room_301_Bed_A,f0:9e:9e:9e:29:16,UNKNOWN,0.0,-100,-100
2026-08-20 04:30:00,HOSP-0001,Room_301_Bed_B,f0:9e:9e:9c:e0:3a,UNKNOWN,0.0,-100,-100
2026-08-20 04:30:00,HOSP-0001,Room_302_Bed_A,f0:9e:9e:9e:07:7e,UNKNOWN,0.0,-100,-100
2026-08-20 04:33:00,HOSP-0001,Room_301_Bed_A,f0:9e:9e:9e:29:16,UNKNOWN,0.0,-100,-100
2026-08-20 04:33:00,HOSP-0001,Room_301_Bed_B,f0:9e:9e:9c:e0:3a,UNKNOWN,0.0,-100,-100
2026-08-20 04:33:00,HOSP-0001,Room_302_Bed_A,f0:9e:9e:9e:07:7e,UNKNOWN,0.0,-100,-100
2026-08-20 04:36:00,HOSP-0001,Room_301_Bed_A,f0:9e:9e:9e:29:16,UNKNOWN,0.0,-100,-100
2026-08-20 04:36:00,HOSP-0001,Room_301_Bed_B,f0:9e:9e:9c:e0:3a,UNKNOWN,0.0,-100,-100
2026-08-20 04:36:00,HOSP-0001,Room_302_Bed_A,f0:9e:9e:9e:07:7e,UNKNOWN,0.0,-100,-100
2026-08-20 04:39:00,HOSP-0001,Room_301_Bed_A,f0:9e:9e:9e:29:16,UNKNOWN,0.0,-100,-100
2026-08-20 04:39:00,HOSP-0001,Room_301_Bed_B,f0:9e:9e:9c:e0:3a,UNKNOWN,0.0,-100,-100
2026-08-20 04:39:00,HOSP-0001,Room_302_Bed_A,f0:9e:9e:9e:07:7e,UNKNOWN,0.0,-100,-100
2026-08-20 04:42:00,HOSP-0001,Room_301_Bed_A,f0:9e:9e:9e:29:16,UNKNOWN,0.0,-100,-100
2026-08-20 04:42:00,HOSP-0001,Room_301_Bed_B,f0:9e:9e:9c:e0:3a,UNKNOWN,0.0,-100,-100
2026-08-20 04:42:00,HOSP-0001,Room_302_Bed_A,f0:9e:9e:9e:07:7e,UNKNOWN,0.0,-100,-100
2026-08-20 04:45:00,HOSP-0001,Room_301_Bed_A,f0:9e:9e:9e:29:16,UNKNOWN,0.0,-100,-100
2026-08-20 04:45:00,HOSP-0001,Room_301_Bed_B,f0:9e:9e:9c:e0:3a,UNKNOWN,0.0,-100,-100
2026-08-20 04:45:00,HOSP-0001,Room_302_Bed_A,f0:9e:9e:9e:07:7e,UNKNOWN,0.0,-100,-100
2026-08-20 04:48:00,HOSP-0001,Room_301_Bed_A,f0:9e:9e:9e:29:16,UNKNOWN,0.0,-100,-100
2026-08-20 04:48:00,HOSP-0001,Room_301_Bed_B,f0:9e:9e:9c:e0:3a,UNKNOWN,0.0,-100,-100
2026-08-20 04:48:00,HOSP-0001,Room_302_Bed_A,f0:9e:9e:9e:07:7e,UNKNOWN,0.0,-100,-100
2026-08-20 04:51:00,HOSP-0001,Room_301_Bed_A,f0:9e:9e:9e:29:16,UNKNOWN,0.0,-100,-100
2026-08-20 04:51:00,HOSP-0001,Room_301_Bed_B,f0:9e:9e:9c:e0:3a,UNKNOWN,0.0,-100,-100
2026-08-20 04:51:00,HOSP-0001,Room_302_Bed_A,f0:9e:9e:9e:07:7e,UNKNOWN,0.0,-100,-100
2026-08-20 04:54:00,HOSP-0001,Room_301_Bed_A,f0:9e:9e:9e:29:16,UNKNOWN,0.0,-100,-100
2026-08-20 04:54:00,HOSP-0001,Room_301_Bed_B,f0:9e:9e:9c:e0:3a,UNKNOWN,0.0,-100,-100
2026-08-20 04:54:00,HOSP-0001,Room_302_Bed_A,f0:9e:9e:9e:07:7e,UNKNOWN,0.0,-100,-100
2026-08-20 04:57:00,HOSP-0001,Room_301_Bed_A,f0:9e:9e:9e:29:16,UNKNOWN,0.0,-100,-100
2026-08-20 04:57:00,HOSP-0001,Room_301_Bed_B,f0:9e:9e:9c:e0:3a,UNKNOWN,0.0,-100,-100
2026-08-20 04:57:00,HOSP-0001,Room_302_Bed_A,f0:9e:9e:9e:07:7e,UNKNOWN,0.0,-100,-100
2026-08-20 05:00:00,HOSP-0001,Room_301_Bed_A,f0:9e:9e:9e:29:16,UNKNOWN,0.0,-100,-100
2026-08-20 05:00:00,HOSP-0001,Room_301_Bed_B,f0:9e:9e:9c:e0:3a,UNKNOWN,0.0,-100,-100
2026-08-20 05:00:00,HOSP-0001,Room_302_Bed_A,f0:9e:9e:9e:07:7e,UNKNOWN,0.0,-100,-100
2026-08-20 05:03:00,HOSP-0001,Room_301_Bed_A,f0:9e:9e:9e:29:16,UNKNOWN,0.0,-100,-100
2026-08-20 05:03:00,HOSP-0001,Room_301_Bed_B,f0:9e:9e:9c:e0:3a,UNKNOWN,0.0,-100,-100
2026-08-20 05:03:00,HOSP-0001,Room_302_Bed_A,f0:9e:9e:9e:07:7e,UNKNOWN,0.0,-100,-100
2026-08-20 05:06:00,HOSP-0001,Room_301_Bed_A,f0:9e:9e:9e:29:16,UNKNOWN,0.0,-100,-100
2026-08-20 05:06:00,HOSP-0001,Room_301_Bed_B,f0:9e:9e:9c:e0:3a,UNKNOWN,0.0,-100,-100
2026-08-20 05:06:00,HOSP-0001,Room_302_Bed_A,f0:9e:9e:9e:07:7e,UNKNOWN,0.0,-100,-100
2026-08-20 05:09:00,HOSP-0001,Room_301_Bed_A,f0:9e:9e:9e:29:16,UNKNOWN,0.0,-100,-100
2026-08-20 05:09:00,HOSP-0001,Room_301_Bed_B,f0:9e:9e:9c:e0:3a,UNKNOWN,0.0,-100,-100
2026-08-20 05:09:00,HOSP-0001,Room_302_Bed_A,f0:9e:9e:9e:07:7e,UNKNOWN,0.0,-100,-100
2026-08-20 05:12:00,HOSP-0001,Room_301_Bed_A,f0:9e:9e:9e:29:16,UNKNOWN,0.0,-100,-100
2026-08-20 05:12:00,HOSP-0001,Room_301_Bed_B,f0:9e:9e:9c:e0:3a,UNKNOWN,0.0,-100,-100
2026-08-20 05:12:00,HOSP-0001,Room_302_Bed_A,f0:9e:9e:9e:07:7e,UNKNOWN,0.0,-100,-100
2026-08-20 05:15:00,HOSP-0001,Room_301_Bed_A,f0:9e:9e:9e:29:16,UNKNOWN,0.0,-100,-100
2026-08-20 05:15:00,HOSP-0001,Room_301_Bed_B,f0:9e:9e:9c:e0:3a,UNKNOWN,0.0,-100,-100
2026-08-20 05:15:00,HOSP-0001,Room_302_Bed_A,f0:9e:9e:9e:07:7e,UNKNOWN,0.0,-100,-100
2026-08-20 05:18:00,HOSP-0001,Room_301_Bed_A,f0:9e:9e:9e:29:16,UNKNOWN,0.0,-100,-100
2026-08-20 05:18:00,HOSP-0001,Room_301_Bed_B,f0:9e:9e:9c:e0:3a,UNKNOWN,0.0,-100,-100
2026-08-20 05:18:00,HOSP-0001,Room_302_Bed_A,f0:9e:9e:9e:07:7e,UNKNOWN,0.0,-100,-100
2026-08-20 05:21:00,HOSP-0001,Room_301_Bed_A,f0:9e:9e:9e:29:16,UNKNOWN,0.0,-100,-100
2026-08-20 05:21:00,HOSP-0001,Room_301_Bed_B,f0:9e:9e:9c:e0:3a,UNKNOWN,0.0,-100,-100
2026-08-20 05:21:00,HOSP-0001,Room_302_Bed_A,f0:9e:9e:9e:07:7e,UNKNOWN,0.0,-100,-100
2026-08-20 05:24:00,HOSP-0001,Room_301_Bed_A,f0:9e:9e:9e:29:16,UNKNOWN,0.0,-100,-100
2026-08-20 05:24:00,HOSP-0001,Room_301_Bed_B,f0:9e:9e:9c:e0:3a,UNKNOWN,0.0,-100,-100
2026-08-20 05:24:00,HOSP-0001,Room_302_Bed_A,f0:9e:9e:9e:07:7e,UNKNOWN,0.0,-100,-100
2026-08-20 05:27:00,HOSP-0001,Room_301_Bed_A,f0:9e:9e:9e:29:16,UNKNOWN,0.0,-100,-100
2026-08-20 05:27:00,HOSP-0001,Room_301_Bed_B,f0:9e:9e:9c:e0:3a,UNKNOWN,0.0,-100,-100
2026-08-20 05:27:00,HOSP-0001,Room_302_Bed_A,f0:9e:9e:9e:07:7e,UNKNOWN,0.0,-100,-100
2026-08-20 05:30:00,HOSP-0001,Room_301_Bed_A,f0:9e:9e:9e:29:16,UNKNOWN,0.0,-100,-100
2026-08-20 05:30:00,HOSP-0001,Room_301_Bed_B,f0:9e:9e:9c:e0:3a,UNKNOWN,0.0,-100,-100
2026-08-20 05:30:00,HOSP-0001,Room_302_Bed_A,f0:9e:9e:9e:07:7e,UNKNOWN,0.0,-100,-100
2026-08-20 05:33:00,HOSP-0001,Room_301_Bed_A,f0:9e:9e:9e:29:16,UNKNOWN,0.0,-100,-100
2026-08-20 05:33:00,HOSP-0001,Room_301_Bed_B,f0:9e:9e:9c:e0:3a,UNKNOWN,0.0,-100,-100
2026-08-20 05:33:00,HOSP-0001,Room_302_Bed_A,f0:9e:9e:9e:07:7e,UNKNOWN,0.0,-100,-100
2026-08-20 05:36:00,HOSP-0001,Room_301_Bed_A,f0:9e:9e:9e:29:16,UNKNOWN,0.0,-100,-100
2026-08-20 05:36:00,HOSP-0001,Room_301_Bed_B,f0:9e:9e:9c:e0:3a,UNKNOWN,0.0,-100,-100
2026-08-20 05:36:00,HOSP-0001,Room_302_Bed_A,f0:9e:9e:9e:07:7e,UNKNOWN,0.0,-100,-100
2026-08-20 05:39:00,HOSP-0001,Room_301_Bed_A,f0:9e:9e:9e:29:16,UNKNOWN,0.0,-100,-100
2026-08-20 05:39:00,HOSP-0001,Room_301_Bed_B,f0:9e:9e:9c:e0:3a,UNKNOWN,0.0,-100,-100
2026-08-20 05:39:00,HOSP-0001,Room_302_Bed_A,f0:9e:9e:9e:07:7e,UNKNOWN,0.0,-100,-100
2026-08-20 05:42:00,HOSP-0001,Room_301_Bed_A,f0:9e:9e:9e:29:16,UNKNOWN,0.0,-100,-100
2026-08-20 05:42:00,HOSP-0001,Room_301_Bed_B,f0:9e:9e:9c:e0:3a,UNKNOWN,0.0,-100,-100
2026-08-20 05:42:00,HOSP-0001,Room_302_Bed_A,f0:9e:9e:9e:07:7e,UNKNOWN,0.0,-100,-100
2026-08-20 05:45:00,HOSP-0001,Room_301_Bed_A,f0:9e:9e:9e:29:16,UNKNOWN,0.0,-100,-100
2026-08-20 05:45:00,HOSP-0001,Room_301_Bed_B,f0:9e:9e:9c:e0:3a,UNKNOWN,0.0,-100,-100
2026-08-20 05:45:00,HOSP-0001,Room_302_Bed_A,f0:9e:9e:9e:07:7e,UNKNOWN,0.0,-100,-100
2026-08-20 05:48:00,HOSP-0001,Room_301_Bed_A,f0:9e:9e:9e:29:16,UNKNOWN,0.0,-100,-100
2026-08-20 05:48:00,HOSP-0001,Room_301_Bed_B,f0:9e:9e:9c:e0:3a,UNKNOWN,0.0,-100,-100
2026-08-20 05:48:00,HOSP-0001,Room_302_Bed_A,f0:9e:9e:9e:07:7e,UNKNOWN,0.0,-100,-100
2026-08-20 05:51:00,HOSP-0001,Room_301_Bed_A,f0:9e:9e:9e:29:16,UNKNOWN,0.0,-100,-100
2026-08-20 05:51:00,HOSP-0001,Room_301_Bed_B,f0:9e:9e:9c:e0:3a,UNKNOWN,0.0,-100,-100
2026-08-20 05:51:00,HOSP-0001,Room_302_Bed_A,f0:9e:9e:9e:07:7e,UNKNOWN,0.0,-100,-100
2026-08-20 05:54:00,HOSP-0001,Room_301_Bed_A,f0:9e:9e:9e:29:16,UNKNOWN,0.0,-100,-100
2026-08-20 05:54:00,HOSP-0001,Room_301_Bed_B,f0:9e:9e:9c:e0:3a,UNKNOWN,0.0,-100,-100
2026-08-20 05:54:00,HOSP-0001,Room_302_Bed_A,f0:9e:9e:9e:07:7e,UNKNOWN,0.0,-100,-100
2026-08-20 05:57:00,HOSP-0001,Room_301_Bed_A,f0:9e:9e:9e:29:16,UNKNOWN,0.0,-100,-100
2026-08-20 05:57:00,HOSP-0001,Room_301_Bed_B,f0:9e:9e:9c:e0:3a,UNKNOWN,0.0,-100,-100
2026-08-20 05:57:00,HOSP-0001,Room_302_Bed_A,f0:9e:9e:9e:07:7e,UNKNOWN,0.0,-100,-100
2026-08-20 06:00:00,HOSP-0001,Room_301_Bed_A,f0:9e:9e:9e:29:16,UNKNOWN,0.0,-100,-100
2026-08-20 06:00:00,HOSP-0001,Room_301_Bed_B,f0:9e:9e:9c:e0:3a,UNKNOWN,0.0,-100,-100
2026-08-20 06:00:00,HOSP-0001,Room_302_Bed_A,f0:9e:9e:9e:07:7e,UNKNOWN,0.0,-100,-100
2026-08-20 06:03:00,HOSP-0001,Room_301_Bed_A,f0:9e:9e:9e:29:16,UNKNOWN,0.0,-100,-100
2026-08-20 06:03:00,HOSP-0001,Room_301_Bed_B,f0:9e:9e:9c:e0:3a,UNKNOWN,0.0,-100,-100
2026-08-20 06:03:00,HOSP-0001,Room_302_Bed_A,f0:9e:9e:9e:07:7e,UNKNOWN,0.0,-100,-100
2026-08-20 06:06:00,HOSP-0001,Room_301_Bed_A,f0:9e:9e:9e:29:16,UNKNOWN,0.0,-100,-100
2026-08-20 06:06:00,HOSP-0001,Room_301_Bed_B,f0:9e:9e:9c:e0:3a,UNKNOWN,0.0,-100,-100
2026-08-20 06:06:00,HOSP-0001,Room_302_Bed_A,f0:9e:9e:9e:07:7e,UNKNOWN,0.0,-100,-100
2026-08-20 06:09:00,HOSP-0001,Room_301_Bed_A,f0:9e:9e:9e:29:16,UNKNOWN,0.0,-100,-100
2026-08-20 06:09:00,HOSP-0001,Room_301_Bed_B,f0:9e:9e:9c:e0:3a,UNKNOWN,0.0,-100,-100
2026-08-20 06:09:00,HOSP-0001,Room_302_Bed_A,f0:9e:9e:9e:07:7e,UNKNOWN,0.0,-100,-100
2026-08-20 06:12:00,HOSP-0001,Room_301_Bed_A,f0:9e:9e:9e:29:16,UNKNOWN,0.0,-100,-100
2026-08-20 06:12:00,HOSP-0001,Room_301_Bed_B,f0:9e:9e:9c:e0:3a,UNKNOWN,0.0,-100,-100
2026-08-20 06:12:00,HOSP-0001,Room_302_Bed_A,f0:9e:9e:9e:07:7e,UNKNOWN,0.0,-100,-100
2026-08-20 06:15:00,HOSP-0001,Room_301_Bed_A,f0:9e:9e:9e:29:16,UNKNOWN,0.0,-100,-100
2026-08-20 06:15:00,HOSP-0001,Room_301_Bed_B,f0:9e:9e:9c:e0:3a,UNKNOWN,0.0,-100,-100
2026-08-20 06:15:00,HOSP-0001,Room_302_Bed_A,f0:9e:9e:9e:07:7e,UNKNOWN,0.0,-100,-100
2026-08-20 06:18:00,HOSP-0001,Room_301_Bed_A,f0:9e:9e:9e:29:16,UNKNOWN,0.0,-100,-100
2026-08-20 06:18:00,HOSP-0001,Room_301_Bed_B,f0:9e:9e:9c:e0:3a,UNKNOWN,0.0,-100,-100
2026-08-20 06:18:00,HOSP-0001,Room_302_Bed_A,f0:9e:9e:9e:07:7e,UNKNOWN,0.0,-100,-100
2026-08-20 06:21:00,HOSP-0001,Room_301_Bed_A,f0:9e:9e:9e:29:16,UNKNOWN,0.0,-100,-100
2026-08-20 06:21:00,HOSP-0001,Room_301_Bed_B,f0:9e:9e:9c:e0:3a,UNKNOWN,0.0,-100,-100
2026-08-20 06:21:00,HOSP-0001,Room_302_Bed_A,f0:9e:9e:9e:07:7e,UNKNOWN,0.0,-100,-100
2026-08-20 06:24:00,HOSP-0001,Room_301_Bed_A,f0:9e:9e:9e:29:16,UNKNOWN,0.0,-100,-100
2026-08-20 06:24:00,HOSP-0001,Room_301_Bed_B,f0:9e:9e:9c:e0:3a,UNKNOWN,0.0,-100,-100
2026-08-20 06:24:00,HOSP-0001,Room_302_Bed_A,f0:9e:9e:9e:07:7e,UNKNOWN,0.0,-100,-100
2026-08-20 06:27:00,HOSP-0001,Room_301_Bed_A,f0:9e:9e:9e:29:16,UNKNOWN,0.0,-100,-100
2026-08-20 06:27:00,HOSP-0001,Room_301_Bed_B,f0:9e:9e:9c:e0:3a,UNKNOWN,0.0,-100,-100
2026-08-20 06:27:00,HOSP-0001,Room_302_Bed_A,f0:9e:9e:9e:07:7e,UNKNOWN,0.0,-100,-100
2026-08-20 06:30:00,HOSP-0001,Room_301_Bed_A,f0:9e:9e:9e:29:16,UNKNOWN,0.0,-100,-100
2026-08-20 06:30:00,HOSP-0001,Room_301_Bed_B,f0:9e:9e:9c:e0:3a,UNKNOWN,0.0,-100,-100
2026-08-20 06:30:00,HOSP-0001,Room_302_Bed_A,f0:9e:9e:9e:07:7e,UNKNOWN,0.0,-100,-100
2026-08-20 06:33:00,HOSP-0001,Room_301_Bed_A,f0:9e:9e:9e:29:16,UNKNOWN,0.0,-100,-100
2026-08-20 06:33:00,HOSP-0001,Room_301_Bed_B,f0:9e:9e:9c:e0:3a,UNKNOWN,0.0,-100,-100
2026-08-20 06:33:00,HOSP-0001,Room_302_Bed_A,f0:9e:9e:9e:07:7e,UNKNOWN,0.0,-100,-100
2026-08-20 06:36:00,HOSP-0001,Room_301_Bed_A,f0:9e:9e:9e:29:16,UNKNOWN,0.0,-100,-100
2026-08-20 06:36:00,HOSP-0001,Room_301_Bed_B,f0:9e:9e:9c:e0:3a,UNKNOWN,0.0,-100,-100
2026-08-20 06:36:00,HOSP-0001,Room_302_Bed_A,f0:9e:9e:9e:07:7e,UNKNOWN,0.0,-100,-100
2026-08-20 06:39:00,HOSP-0001,Room_301_Bed_A,f0:9e:9e:9e:29:16,UNKNOWN,0.0,-100,-100
2026-08-20 06:39:00,HOSP-0001,Room_301_Bed_B,f0:9e:9e:9c:e0:3a,UNKNOWN,0.0,-100,-100
2026-08-20 06:39:00,HOSP-0001,Room_302_Bed_A,f0:9e:9e:9e:07:7e,UNKNOWN,0.0,-100,-100
2026-08-20 06:42:00,HOSP-0001,Room_301_Bed_A,f0:9e:9e:9e:29:16,UNKNOWN,0.0,-100,-100
2026-08-20 06:42:00,HOSP-0001,Room_301_Bed_B,f0:9e:9e:9c:e0:3a,UNKNOWN,0.0,-100,-100
2026-08-20 06:42:00,HOSP-0001,Room_302_Bed_A,f0:9e:9e:9e:07:7e,UNKNOWN,0.0,-100,-100
2026-08-20 06:45:00,HOSP-0001,Room_301_Bed_A,f0:9e:9e:9e:29:16,UNKNOWN,0.0,-100,-100
2026-08-20 06:45:00,HOSP-0001,Room_301_Bed_B,f0:9e:9e:9c:e0:3a,UNKNOWN,0.0,-100,-100
2026-08-20 06:45:00,HOSP-0001,Room_302_Bed_A,f0:9e:9e:9e:07:7e,UNKNOWN,0.0,-100,-100
2026-08-20 06:48:00,HOSP-0001,Room_301_Bed_A,f0:9e:9e:9e:29:16,UNKNOWN,0.0,-100,-100
2026-08-20 06:48:00,HOSP-0001,Room_301_Bed_B,f0:9e:9e:9c:e0:3a,UNKNOWN,0.0,-100,-100
2026-08-20 06:48:00,HOSP-0001,Room_302_Bed_A,f0:9e:9e:9e:07:7e,UNKNOWN,0.0,-100,-100
2026-08-20 06:51:00,HOSP-0001,Room_301_Bed_A,f0:9e:9e:9e:29:16,UNKNOWN,0.0,-100,-100
2026-08-20 06:51:00,HOSP-0001,Room_301_Bed_B,f0:9e:9e:9c:e0:3a,UNKNOWN,0.0,-100,-100
2026-08-20 06:51:00,HOSP-0001,Room_302_Bed_A,f0:9e:9e:9e:07:7e,UNKNOWN,0.0,-100,-100
2026-08-20 06:54:00,HOSP-0001,Room_301_Bed_A,f0:9e:9e:9e:29:16,UNKNOWN,0.0,-100,-100
2026-08-20 06:54:00,HOSP-0001,Room_301_Bed_B,f0:9e:9e:9c:e0:3a,UNKNOWN,0.0,-100,-100
2026-08-20 06:54:00,HOSP-0001,Room_302_Bed_A,f0:9e:9e:9e:07:7e,UNKNOWN,0.0,-100,-100
2026-08-20 06:57:00,HOSP-0001,Room_301_Bed_A,f0:9e:9e:9e:29:16,UNKNOWN,0.0,-100,-100
2026-08-20 06:57:00,HOSP-0001,Room_301_Bed_B,f0:9e:9e:9c:e0:3a,UNKNOWN,0.0,-100,-100
2026-08-20 06:57:00,HOSP-0001,Room_302_Bed_A,f0:9e:9e:9e:07:7e,UNKNOWN,0.0,-100,-100
2026-08-20 07:00:00,HOSP-0001,Room_301_Bed_A,f0:9e:9e:9e:29:16,UNKNOWN,0.0,-100,-100
2026-08-20 07:00:00,HOSP-0001,Room_301_Bed_B,f0:9e:9e:9c:e0:3a,UNKNOWN,0.0,-100,-100
2026-08-20 07:00:00,HOSP-0001,Room_302_Bed_A,f0:9e:9e:9e:07:7e,UNKNOWN,0.0,-100,-100
2026-08-20 07:03:00,HOSP-0001,Room_301_Bed_A,f0:9e:9e:9e:29:16,UNKNOWN,0.0,-100,-100
2026-08-20 07:03:00,HOSP-0001,Room_301_Bed_B,f0:9e:9e:9c:e0:3a,UNKNOWN,0.0,-100,-100
2026-08-20 07:03:00,HOSP-0001,Room_302_Bed_A,f0:9e:9e:9e:07:7e,UNKNOWN,0.0,-100,-100
2026-08-20 07:06:00,HOSP-0001,Room_301_Bed_A,f0:9e:9e:9e:29:16,UNKNOWN,0.0,-100,-100
2026-08-20 07:06:00,HOSP-0001,Room_301_Bed_B,f0:9e:9e:9c:e0:3a,UNKNOWN,0.0,-100,-100
2026-08-20 07:06:00,HOSP-0001,Room_302_Bed_A,f0:9e:9e:9e:07:7e,UNKNOWN,0.0,-100,-100
2026-08-20 07:09:00,HOSP-0001,Room_301_Bed_A,f0:9e:9e:9e:29:16,UNKNOWN,0.0,-100,-100
2026-08-20 07:09:00,HOSP-0001,Room_301_Bed_B,f0:9e:9e:9c:e0:3a,UNKNOWN,0.0,-100,-100
2026-08-20 07:09:00,HOSP-0001,Room_302_Bed_A,f0:9e:9e:9e:07:7e,UNKNOWN,0.0,-100,-100
2026-08-20 07:12:00,HOSP-0001,Room_301_Bed_A,f0:9e:9e:9e:29:16,UNKNOWN,0.0,-100,-100
2026-08-20 07:12:00,HOSP-0001,Room_301_Bed_B,f0:9e:9e:9c:e0:3a,UNKNOWN,0.0,-100,-100
2026-08-20 07:12:00,HOSP-0001,Room_302_Bed_A,f0:9e:9e:9e:07:7e,UNKNOWN,0.0,-100,-100
2026-08-20 07:15:00,HOSP-0001,Room_301_Bed_A,f0:9e:9e:9e:29:16,UNKNOWN,0.0,-100,-100
2026-08-20 07:15:00,HOSP-0001,Room_301_Bed_B,f0:9e:9e:9c:e0:3a,UNKNOWN,0.0,-100,-100
2026-08-20 07:15:00,HOSP-0001,Room_302_Bed_A,f0:9e:9e:9e:07:7e,UNKNOWN,0.0,-100,-100
2026-08-20 07:18:00,HOSP-0001,Room_301_Bed_A,f0:9e:9e:9e:29:16,UNKNOWN,0.0,-100,-100
2026-08-20 07:18:00,HOSP-0001,Room_301_Bed_B,f0:9e:9e:9c:e0:3a,UNKNOWN,0.0,-100,-100
2026-08-20 07:18:00,HOSP-0001,Room_302_Bed_A,f0:9e:9e:9e:07:7e,UNKNOWN,0.0,-100,-100
2026-08-20 07:21:00,HOSP-0001,Room_301_Bed_A,f0:9e:9e:9e:29:16,UNKNOWN,0.0,-100,-100
2026-08-20 07:21:00,HOSP-0001,Room_301_Bed_B,f0:9e:9e:9c:e0:3a,UNKNOWN,0.0,-100,-100
2026-08-20 07:21:00,HOSP-0001,Room_302_Bed_A,f0:9e:9e:9e:07:7e,UNKNOWN,0.0,-100,-100
2026-08-20 07:24:00,HOSP-0001,Room_301_Bed_A,f0:9e:9e:9e:29:16,UNKNOWN,0.0,-100,-100
2026-08-20 07:24:00,HOSP-0001,Room_301_Bed_B,f0:9e:9e:9c:e0:3a,UNKNOWN,0.0,-100,-100
2026-08-20 07:24:00,HOSP-0001,Room_302_Bed_A,f0:9e:9e:9e:07:7e,UNKNOWN,0.0,-100,-100
2026-08-20 07:27:00,HOSP-0001,Room_301_Bed_A,f0:9e:9e:9e:29:16,UNKNOWN,0.0,-100,-100
2026-08-20 07:27:00,HOSP-0001,Room_301_Bed_B,f0:9e:9e:9c:e0:3a,UNKNOWN,0.0,-100,-100
2026-08-20 07:27:00,HOSP-0001,Room_302_Bed_A,f0:9e:9e:9e:07:7e,UNKNOWN,0.0,-100,-100
2026-08-20 07:30:00,HOSP-0001,Room_301_Bed_A,f0:9e:9e:9e:29:16,UNKNOWN,0.0,-100,-100
2026-08-20 07:30:00,HOSP-0001,Room_301_Bed_B,f0:9e:9e:9c:e0:3a,UNKNOWN,0.0,-100,-100
2026-08-20 07:30:00,HOSP-0001,Room_302_Bed_A,f0:9e:9e:9e:07:7e,UNKNOWN,0.0,-100,-100
2026-08-20 07:33:00,HOSP-0001,Room_301_Bed_A,f0:9e:9e:9e:29:16,UNKNOWN,0.0,-100,-100
2026-08-20 07:33:00,HOSP-0001,Room_301_Bed_B,f0:9e:9e:9c:e0:3a,UNKNOWN,0.0,-100,-100
2026-08-20 07:33:00,HOSP-0001,Room_302_Bed_A,f0:9e:9e:9e:07:7e,UNKNOWN,0.0,-100,-100
2026-08-20 07:36:00,HOSP-0001,Room_301_Bed_A,f0:9e:9e:9e:29:16,UNKNOWN,0.0,-100,-100
2026-08-20 07:36:00,HOSP-0001,Room_301_Bed_B,f0:9e:9e:9c:e0:3a,UNKNOWN,0.0,-100,-100
2026-08-20 07:36:00,HOSP-0001,Room_302_Bed_A,f0:9e:9e:9e:07:7e,UNKNOWN,0.0,-100,-100
2026-08-20 07:39:00,HOSP-0001,Room_301_Bed_A,f0:9e:9e:9e:29:16,UNKNOWN,0.0,-100,-100
2026-08-20 07:39:00,HOSP-0001,Room_301_Bed_B,f0:9e:9e:9c:e0:3a,UNKNOWN,0.0,-100,-100
2026-08-20 07:39:00,HOSP-0001,Room_302_Bed_A,f0:9e:9e:9e:07:7e,UNKNOWN,0.0,-100,-100
2026-08-20 07:42:00,HOSP-0001,Room_301_Bed_A,f0:9e:9e:9e:29:16,UNKNOWN,0.0,-100,-100
2026-08-20 07:42:00,HOSP-0001,Room_301_Bed_B,f0:9e:9e:9c:e0:3a,UNKNOWN,0.0,-100,-100
2026-08-20 07:42:00,HOSP-0001,Room_302_Bed_A,f0:9e:9e:9e:07:7e,UNKNOWN,0.0,-100,-100
2026-08-20 07:45:00,HOSP-0001,Room_301_Bed_A,f0:9e:9e:9e:29:16,UNKNOWN,0.0,-100,-100
2026-08-20 07:45:00,HOSP-0001,Room_301_Bed_B,f0:9e:9e:9c:e0:3a,UNKNOWN,0.0,-100,-100
2026-08-20 07:45:00,HOSP-0001,Room_302_Bed_A,f0:9e:9e:9e:07:7e,UNKNOWN,0.0,-100,-100
2026-08-20 07:48:00,HOSP-0001,Room_301_Bed_A,f0:9e:9e:9e:29:16,UNKNOWN,0.0,-100,-100
2026-08-20 07:48:00,HOSP-0001,Room_301_Bed_B,f0:9e:9e:9c:e0:3a,UNKNOWN,0.0,-100,-100
2026-08-20 07:48:00,HOSP-0001,Room_302_Bed_A,f0:9e:9e:9e:07:7e,UNKNOWN,0.0,-100,-100
2026-08-20 07:51:00,HOSP-0001,Room_301_Bed_A,f0:9e:9e:9e:29:16,UNKNOWN,0.0,-100,-100
2026-08-20 07:51:00,HOSP-0001,Room_301_Bed_B,f0:9e:9e:9c:e0:3a,UNKNOWN,0.0,-100,-100
2026-08-20 07:51:00,HOSP-0001,Room_302_Bed_A,f0:9e:9e:9e:07:7e,UNKNOWN,0.0,-100,-100
2026-08-20 07:54:00,HOSP-0001,Room_301_Bed_A,f0:9e:9e:9e:29:16,UNKNOWN,0.0,-100,-100
2026-08-20 07:54:00,HOSP-0001,Room_301_Bed_B,f0:9e:9e:9c:e0:3a,UNKNOWN,0.0,-100,-100
2026-08-20 07:54:00,HOSP-0001,Room_302_Bed_A,f0:9e:9e:9e:07:7e,UNKNOWN,0.0,-100,-100
2026-08-20 07:57:00,HOSP-0001,Room_301_Bed_A,f0:9e:9e:9e:29:16,UNKNOWN,0.0,-100,-100
2026-08-20 07:57:00,HOSP-0001,Room_301_Bed_B,f0:9e:9e:9c:e0:3a,UNKNOWN,0.0,-100,-100
2026-08-20 07:57:00,HOSP-0001,Room_302_Bed_A,f0:9e:9e:9e:07:7e,UNKNOWN,0.0,-100,-100
2026-08-20 08:00:00,HOSP-0001,Room_301_Bed_A,f0:9e:9e:9e:29:16,UNKNOWN,0.0,-100,-100
2026-08-20 08:00:00,HOSP-0001,Room_301_Bed_B,f0:9e:9e:9c:e0:3a,UNKNOWN,0.0,-100,-100
2026-08-20 08:00:00,HOSP-0001,Room_302_Bed_A,f0:9e:9e:9e:07:7e,UNKNOWN,0.0,-100,-100
2026-08-20 08:03:00,HOSP-0001,Room_301_Bed_A,f0:9e:9e:9e:29:16,UNKNOWN,0.0,-100,-100
2026-08-20 08:03:00,HOSP-0001,Room_301_Bed_B,f0:9e:9e:9c:e0:3a,UNKNOWN,0.0,-100,-100
2026-08-20 08:03:00,HOSP-0001,Room_302_Bed_A,f0:9e:9e:9e:07:7e,UNKNOWN,0.0,-100,-100
2026-08-20 08:06:00,HOSP-0001,Room_301_Bed_A,f0:9e:9e:9e:29:16,UNKNOWN,0.0,-100,-100
2026-08-20 08:06:00,HOSP-0001,Room_301_Bed_B,f0:9e:9e:9c:e0:3a,UNKNOWN,0.0,-100,-100
2026-08-20 08:06:00,HOSP-0001,Room_302_Bed_A,f0:9e:9e:9e:07:7e,UNKNOWN,0.0,-100,-100
2026-08-20 08:09:00,HOSP-0001,Room_301_Bed_A,f0:9e:9e:9e:29:16,UNKNOWN,0.0,-100,-100
2026-08-20 08:09:00,HOSP-0001,Room_301_Bed_B,f0:9e:9e:9c:e0:3a,UNKNOWN,0.0,-100,-100
2026-08-20 08:09:00,HOSP-0001,Room_302_Bed_A,f0:9e:9e:9e:07:7e,UNKNOWN,0.0,-100,-100
